"mtry","Accuracy","Kappa","AccuracySD","KappaSD"
2,0.985833333333333,0.976147615262321,0.0388291166824995,0.0655432030899094
6,0.965539682539683,0.944396568870456,0.0616493593445382,0.0987211170113157
10,0.922912698412698,0.874641189644631,0.108517552336766,0.178615808455159
